{"n_estimators": 449, "max_features": 0.5023260177844414, "bootstrap": false, "min_samples_leaf": 4, "max_samples": 0.645080140849648}