{"C": 4.982541485908654, "epsilon": 0.3676019672919992, "kernel": "linear", "norm": null}