{"n_estimators": 196, "max_features": 0.8642223453831027, "bootstrap": true, "min_samples_leaf": 1, "max_samples": 0.8035829835170116}