{"C": 4.885268159083822, "epsilon": 0.12106994820014316, "kernel": "rbf", "norm": null}