{"C": 1.282682546465632, "epsilon": 0.326565733557449, "kernel": "linear", "norm": null}