{"n_estimators": 127, "max_features": 0.76498717195194, "bootstrap": true, "min_samples_leaf": 1, "max_samples": 0.6203363159017397}