{"n_estimators": 263, "max_features": 0.7497379361427597, "bootstrap": false, "min_samples_leaf": 1, "max_samples": 0.8700400576016032}