{"C": 3.6839492314799154, "epsilon": 0.18871480576733357, "kernel": "rbf", "norm": null}