{"n_estimators": 35, "max_features": 0.7582966727182967, "bootstrap": true, "min_samples_leaf": 1, "max_samples": 0.8207503811271828}