{"alpha": 1.3203972608160939, "precompute": true, "tol": 0.3589463485210276}