{"n_estimators": 442, "max_features": 0.7932846996710633, "bootstrap": true, "min_samples_leaf": 10, "max_samples": 0.6387335959620803}