{"C": 0.3473821586409605, "epsilon": 1.53505993624663, "kernel": "rbf", "norm": null}