{"n_estimators": 102, "max_features": 0.7997476091217565, "bootstrap": false, "min_samples_leaf": 1, "max_samples": 0.6346333501147784}