{"alpha": 1098.3713788568602, "precompute": true, "tol": 0.6962333267713188}