{"C": 0.0730498971764415, "epsilon": 0.3096879697316013, "kernel": "linear", "norm": null}