{"alpha": 27.12097413015244, "solver": "lsqr", "tol": 0.002052203255669377}