{"n_estimators": 234, "max_features": 0.765330514875564, "bootstrap": true, "min_samples_leaf": 1, "max_samples": 0.6473339639378729}